id|estado|tipo|cita|url
A1|Localizada|norma|Ley 44/2003, de 21 de noviembre, de ordenación de las profesiones sanitarias. Boletín Oficial del Estado, BOE-A-2003-21340. Texto consolidado|https://www.boe.es/buscar/act.php?id=BOE-A-2003-21340
A2|Localizada|norma|Real Decreto 1030/2006, de 15 de septiembre, por el que se establece la cartera de servicios comunes del Sistema Nacional de Salud y el procedimiento para su actualización. Boletín Oficial del Estado, BOE-A-2006-16212. Texto consolidado|https://www.boe.es/buscar/act.php?id=BOE-A-2006-16212
A2b|Localizada|web oficial|Ministerio de Sanidad. Cartera de servicios comunes de atención primaria: rehabilitación básica [página web]|https://www.sanidad.gob.es/profesionales/prestacionesSanitarias/CarteraDeServicios/ContenidoCS/2AtencionPrimaria/AP-RehabilitacionBasica.htm
A3|Localizada|norma|Orden SND/454/2025, de 9 de mayo, por la que se modifican los anexos I, II, III y VI del Real Decreto 1030/2006. Boletín Oficial del Estado, BOE-A-2025-9277|https://www.boe.es/diario_boe/txt.php?id=BOE-A-2025-9277
A4|Localizada|norma|Ley 16/2003, de 28 de mayo, de cohesión y calidad del Sistema Nacional de Salud. Boletín Oficial del Estado, BOE-A-2003-10715. Texto consolidado|https://www.boe.es/buscar/act.php?id=BOE-A-2003-10715
A5|Localizada|norma|Real Decreto 601/2019, de 18 de octubre, sobre justificación y optimización del uso de las radiaciones ionizantes para la protección radiológica de las personas con ocasión de exposiciones médicas. Boletín Oficial del Estado, BOE-A-2019-15604|https://www.boe.es/buscar/act.php?id=BOE-A-2019-15604
A6|Localizada|plan|Ministerio de Sanidad, Consumo y Bienestar Social. Marco Estratégico para la Atención Primaria y Comunitaria. Madrid: Ministerio de Sanidad, Consumo y Bienestar Social; 2019. Publicado por Resolución de 26 de abril de 2019 de la Secretaría General de Sanidad y Consumo, BOE-A-2019-6761|https://www.sanidad.gob.es/areas/calidadAsistencial/estrategias/atencionPrimaria/docs/Marco_Estrategico_APS_25Abril_2019.pdf
A7|Localizada|plan|Ministerio de Sanidad. Plan de Acción de Atención Primaria y Comunitaria 2022-2023. Madrid: Ministerio de Sanidad; 2021|https://www.sanidad.gob.es/areas/calidadAsistencial/estrategias/atencionPrimaria/docs/Plan_de_Accion_de_Atencion_Primaria.pdf
A8|Localizada|plan|Ministerio de Sanidad. Plan de Acción de Atención Primaria y Comunitaria 2025-2027. Madrid: Ministerio de Sanidad; 2024|https://www.sanidad.gob.es/areas/calidadAsistencial/estrategias/atencionPrimaria/docs/Plan_de_Accion_de_Atencion_Primaria_y_Comunitaria_2025-2027.pdf
A8n|Localizada|nota oficial|Ministerio de Sanidad. El Consejo Interterritorial aprueba el Plan de Acción de Atención Primaria y Comunitaria 2025-2027 [nota de prensa]. Madrid; 16 de diciembre de 2024|https://www.sanidad.gob.es/gabinete/notasPrensa.do?id=6591
A9|Localizada|plan|Ministerio de Sanidad, Servicios Sociales e Igualdad. Estrategia para el Abordaje de la Cronicidad en el Sistema Nacional de Salud. Madrid: Ministerio de Sanidad, Servicios Sociales e Igualdad; 2012|https://www.sanidad.gob.es/areas/calidadAsistencial/estrategias/abordajeCronicidad/docs/ESTRATEGIA_ABORDAJE_CRONICIDAD.pdf
A10|Localizada|plan|Ministerio de Sanidad. Estrategia de Salud Digital del Sistema Nacional de Salud. Madrid: Ministerio de Sanidad; 2021|https://www.sanidad.gob.es/areas/saludDigital/doc/Estrategia_de_Salud_Digital_del_SNS.pdf
A11|Localizada|plan|Ministerio de Sanidad, Servicios Sociales e Igualdad. Estrategia de Promoción de la Salud y Prevención en el Sistema Nacional de Salud. Madrid: Ministerio de Sanidad, Servicios Sociales e Igualdad; 2013|https://www.sanidad.gob.es/areas/promocionPrevencion/estrategiaSNS/docs/EstrategiaPromocionSaludyPrevencionSNS.pdf
A15|Localizada|modelo de gestión|EFQM. Modelo EFQM 2025. Edición en español. Madrid: Club Excelencia en Gestión; 2025|https://www.clubexcelencia.org/conocimiento/plataforma-de-conocimiento/modelo-efqm-2025
B1|Localizada|estadística|Ministerio de Sanidad. Informe monográfico. Recursos humanos, ordenación profesional y formación continuada en el Sistema Nacional de Salud. Informe Anual del Sistema Nacional de Salud 2024. Madrid: Ministerio de Sanidad; 2025|https://www.sanidad.gob.es/estadEstudios/estadisticas/sisInfSanSNS/tablasEstadisticas/InfAnual2024/Monografico_RRHH_2024.pdf
B1b|Localizada|estadística|Ministerio de Sanidad. Sistema de Información de Atención Primaria (SIAP). Profesionales [consulta interactiva]|https://pestadistico.inteligenciadegestion.sanidad.gob.es/publicoSNS/S/sistema-de-informacion-de-atencion-primaria-siap
B3|Localizada|estadística|Instituto Nacional de Estadística. Estadística de Profesionales Sanitarios Colegiados. Año 2025. Madrid: INE; 2026|https://www.ine.es/dyngs/Prensa/EPSC2025.htm
B4|Localizada|estadística|Ministerio de Sanidad. Base de Datos Clínicos de Atención Primaria (BDCAP). Problemas de salud, año 2023 [consulta interactiva]|https://pestadistico.inteligenciadegestion.sanidad.gob.es/publicoSNS/C/base-de-datos-de-clinicos-de-atencion-primaria-bdcap/problemas-de-salud
B5|Localizada|estadística|Seguridad Social. Estadísticas de incapacidad temporal por contingencias comunes [página web]|https://www.seg-social.es/wps/portal/wss/internet/EstadisticasPresupuestosEstudios/Estadisticas/EST45/EST46/EST189
B9|Localizada|estadística|Instituto Nacional de Estadística. Estadística del Padrón Continuo [base de datos]. Madrid: INE|https://www.ine.es/dyngs/INEbase/operacion.htm?c=Estadistica_C&cid=1254736177012&menu=ultiDatos&idp=1254734710990
C1|Localizada|nota oficial|Servicio Andaluz de Salud. Sanidad implanta la derivación desde Atención Primaria a Fisioterapia en toda Andalucía [nota de prensa]. Sevilla; 26 de mayo de 2026|https://www.sspa.juntadeandalucia.es/servicioandaluzdesalud/todas-noticia/sanidad-implanta-la-derivacion-desde-atencion-primaria-fisioterapia-en-toda-andalucia
C1b|Localizada|cartera|Servicio Andaluz de Salud. Cartera de servicios de atención primaria. IV. Otros servicios. 2.3 Fisioterapia [página web]|https://www.sspa.juntadeandalucia.es/servicioandaluzdesalud/profesionales/cartera-de-servicios/atencion-primaria/iv-otros-servicios/2-otros-servicios-prestados-en-dispositivos-de-apoyo/23-fisioterapia
C2|Localizada|cartera|Gobierno de Aragón. Cartera de Servicios de Atención Primaria del Sistema de Salud de Aragón. Zaragoza: Gobierno de Aragón; 2024|https://atencioncomunitaria.aragon.es/wp-content/uploads/2024/07/CARTERAATENCIONPRIMARIA.pdf
C4|Localizada|protocolo|Gerencia de Atención Primaria de Mallorca. Protocolo de actuación en las patologías de derivación directa en las Unidades de Fisioterapia de Atención Primaria de Mallorca. Palma: Servei de Salut de les Illes Balears; 2023|https://docusalut.com/rest/api/core/bitstreams/6baa0511-9642-47e3-aa79-1202fd49c1ce/content
C5|Localizada|guía|Servicio Canario de la Salud. Consulta de fisioterapia en Atención Primaria. Guía de actuación. Santa Cruz de Tenerife: Servicio Canario de la Salud; 2022|https://www3.gobiernodecanarias.org/sanidad/scs/listaImagenes.jsp?idCarpeta=46a3e0a2-75c8-11e2-bc0c-6512fc1bab5e&idDocument=046b7b81-75d6-11e2-bc0c-6512fc1bab5e
C5n|Localizada|nota oficial|Gobierno de Canarias. Sanidad despliega servicio de fisioterapia en 24 zonas básicas de Gran Canaria, Tenerife, Lanzarote y Fuerteventura [nota de prensa]. 19 de septiembre de 2022|https://www3.gobiernodecanarias.org/noticias/sanidad-despliega-servicio-de-fisioterapia-en-24-zonas-basicas-de-gran-canaria-tenerife-lanzarote-y-fuerteventura/
C7|Localizada|guía|Servicio de Salud de Castilla-La Mancha. Guía de Unidades de Fisioterapia de Atención Primaria. Toledo: SESCAM; 2022|https://castillalamancha.es/actualidad/notasdeprensa
C8|Localizada|protocolo|Junta de Castilla y León. Protocolos de fisioterapia en atención primaria. Valladolid: Consejería de Sanidad; 2017|https://www.saludcastillayleon.es/profesionales/es/programas-guias-clinicas/guias-practica-clinica/guias-clinicas.ficheros/1105660-Fisioterapia.PDF
C9|Localizada|plan|Departament de Salut. Pla funcional del Programa d'incorporació de fisioterapeutes a l'atenció primària i comunitària. Barcelona: Generalitat de Catalunya; 2023|https://scientiasalut.gencat.cat/handle/11351/9106
C9b|Localizada|programa|Departament de Salut. Programa d'incorporació de fisioterapeutes per a la promoció del funcionament i la prevenció de la discapacitat a l'atenció primària i comunitària. Barcelona: Generalitat de Catalunya; 2022|https://salutweb.gencat.cat/ca/departament/ambits-estrategics/atencio-primaria-comunitaria/projectes/programa-incorporacio-fisioterapeutes/
C10|Localizada|cartera|Conselleria de Sanitat. Cartera de servicios de Atención Primaria Comunitaria. Plan de Acción de Atención Primaria y Comunitaria 2022-2023. València: Generalitat Valenciana; 2022|https://www.san.gva.es/documents/d/assistencia-sanitaria/2_cartera_servicios_atencion_primaria_comunitaria_resumida_es-pdf
C11|Localizada|protocolo|Área de Salud de Plasencia. Protocolo de derivación a las unidades de fisioterapia y rehabilitación. Plasencia: Servicio Extremeño de Salud; 2019|https://www.areasaludplasencia.es/docs/pgc/ses_plasencia_derivacion_fisioterapia_rehabilitacion.pdf
C12|Localizada|cartera|Servizo Galego de Saúde. Carteira de servizos de fisioterapia de atención primaria e comunitaria. Santiago de Compostela: SERGAS|https://www.sergas.gal/Asistencia-sanitaria/Documents/1795/Carteira_Unidades_de_fisioterapia_de_atencion_primaria.pdf
C12n|Secundaria|prensa|Redacción Médica. Los fisioterapeutas del Sergas podrán atender a pacientes bajo demanda. 6 de abril de 2022|https://www.redaccionmedica.com/autonomias/galicia/los-fisioterapeutas-del-sergas-podran-atender-a-pacientes-bajo-demanda-7761
C12x|Localizada|informe oficial|Agencia Gallega de Conocimiento en Salud (ACIS). Informe sobre el diseño del sistema de citación XIDE (Gestión Integral de la Demanda en Equipo) en el Servicio Gallego de Salud y los resultados de su implementación. Santiago de Compostela: Servizo Galego de Saúde; 2023|https://acis.sergas.gal/cartafol/InformeXide2023?idioma=es
C14|Localizada|cartera|Servicio Madrileño de Salud, Gerencia Asistencial de Atención Primaria. Cartera de Servicios Estandarizados de Atención Primaria de Madrid. Actualización 2510. Madrid: Comunidad de Madrid; 2025|https://www.comunidad.madrid/hospital/atencionprimaria/sites/atencionprimaria/files/2025-10/Cartera%20de%20Servicios%20Estandarizados%20AP.%20Actualizaci%C3%B3n%202510.pdf
C14n|Localizada|nota oficial|Comunidad de Madrid. Los fisioterapeutas de los centros de salud de la Comunidad de Madrid atendieron a cerca de 159.000 pacientes en 2024 [nota de prensa]. Madrid; 5 de septiembre de 2025|https://www.comunidad.madrid/noticias/2025/09/05/fisioterapeutas-centros-salud-comunidad-madrid-atendieron-cerca-159000-pacientes-2024
C14w|Localizada|web oficial|Comunidad de Madrid. Unidades de atención específica: fisioterapia [página web]|https://www.comunidad.madrid/hospital/atencionprimaria/ciudadanos/unidades-atencion-especifica-fisioterapia
C14e|Localizada|nota oficial|Comunidad de Madrid. La Comunidad de Madrid culmina la implantación de la ecografía en los centros de salud, que disponen de 450 aparatos diagnósticos, fijos de consola y ultra portátiles [nota de prensa]. Madrid; 17 de mayo de 2022|https://www.comunidad.madrid/noticias/2022/05/17/comunidad-madrid-culmina-implantacion-ecografia-centros-salud-disponen-450-aparatos-diagnosticos-fijos-consola-ultra-portatiles
C14f|Localizada|nota oficial|Comunidad de Madrid. Atención Primaria de la Comunidad de Madrid impulsa la formación en fisioterapia manual e invasiva para mejorar el abordaje del dolor musculoesquelético [nota de prensa]. Madrid; 22 de diciembre de 2025|https://www.comunidad.madrid/noticias/2025/12/22/atencion-primaria-comunidad-madrid-impulsa-formacion-fisioterapia-manual-e-invasiva-mejorar-abordaje-dolor-musculoesqueletico
C15|Localizada|nota oficial|Servicio Murciano de Salud. El SMS aprueba la cartera de servicios de fisioterapia en Atención Primaria [nota de prensa]. Murcia; 6 de abril de 2026|https://www.murciasalud.es/en/-/el-sms-aprueba-la-cartera-de-servicios-de-fisioterapia-en-atenci%C3%B3n-primaria-para-mejorar-la-atenci%C3%B3n-de-los-pacientes
C16|Localizada|formación oficial|Servicio Navarro de Salud. Formación a fisioterapeutas de nueva incorporación en atención primaria, tercera edición [actividad formativa]|https://www.formacionsalud.navarra.es/actividad/idactividad/7576
C17|Localizada|nota oficial|Gobierno Vasco, Irekia. La Fisioterapia de Atención Primaria de Osakidetza ha atendido ya a más de 8.600 pacientes en el primer semestre [nota de prensa]. 2024|https://www.irekia.euskadi.eus/es/news/95370
D1|Localizada|web oficial|NHS England. First contact physiotherapists [página web]|https://www.england.nhs.uk/gp/expanding-our-workforce/first-contact-physiotherapists/
D2|Localizada|política|Department of Health. The Musculoskeletal Services Framework. A joint responsibility: doing it differently. Londres: Department of Health; 2006|https://chiro.org/Graphics_Box_CONDITIONS/FULL/The_Musculoskeletal_Services_Framework.pdf
D3|Localizada|marco competencial|Health Education England. First Contact Practitioners and Advanced Practitioners in Primary Care: (Musculoskeletal). A Roadmap to Practice. Londres: Health Education England; 2020|https://www.hee.nhs.uk/our-work/allied-health-professions/enable-workforce/roadmaps-practice/first-contact-practitioners-roadmaps-practice
D4|Localizada|plan|NHS. The NHS Long Term Plan. Londres: NHS; 2019|https://www.longtermplan.nhs.uk/online-version/chapter-1-a-new-service-model-for-the-21st-century/
D5|Localizada|norma de financiación|NHS England. Network Contract Directed Enhanced Service. Additional Roles Reimbursement Scheme guidance. Londres: NHS England; 2019|https://www.england.nhs.uk/wp-content/uploads/2019/12/network-contract-des-additional-roles-reimbursement-scheme-guidance-december2019.pdf
D6|Localizada|guía profesional|Chartered Society of Physiotherapy, British Medical Association, Royal College of General Practitioners. First Contact Physiotherapy posts in General Practice. A guide for implementation in England. Londres: CSP; 2018|https://www.csp.org.uk/system/files/001404_fcp_guidance_england_2018.pdf
D7|Localizada|nota profesional|Chartered Society of Physiotherapy. CSP urges government to boost FCP roll-out across England [nota]. Londres; 19 de enero de 2022|https://www.csp.org.uk/news/2022-01-19-csp-urges-government-boost-fcp-roll-out-across-england
D10|Localizada|declaración de política|World Physiotherapy. Policy statement: Direct access and patient/client self-referral to physiotherapy. Londres: World Physiotherapy; 2023|https://world.physio/sites/default/files/2024-01/PS-2023-Direct-access.pdf
D11|Localizada|declaración de política|World Physiotherapy. Policy statement: Description of physiotherapy. Londres: World Physiotherapy; 2023|https://world.physio/sites/default/files/2024-01/PS-2023-Description.pdf
D12|Localizada|web profesional|Europe Region World Physiotherapy. Autonomy and direct access [página web]|https://www.erwcpt.eu/physiotherapy_and_practice/autonomy_and_direct_access
D13|Localizada|censo|World Physiotherapy. Annual Membership Census 2024. Global report. Londres: World Physiotherapy; 2025|https://world.physio/sites/default/files/2025-01/AMC2024-Global-report.pdf
D14|Localizada|estadística|Eurostat. Healthcare personnel statistics: dentists, pharmacists and physiotherapists. Statistics Explained [actualización periódica]. Luxemburgo: Eurostat|https://ec.europa.eu/eurostat/statistics-explained/index.php?title=Healthcare_personnel_statistics_-_dentists,_pharmacists_and_physiotherapists
D14n|Localizada|estadística|Eurostat. Physicians and physiotherapists in the EU: how many? Eurostat News. Luxemburgo; 18 de agosto de 2023|https://ec.europa.eu/eurostat/web/products-eurostat-news/w/ddn-20230818-1
D15|Localizada|documento OMS|World Health Organization. Rehabilitation in health systems. Ginebra: WHO; 2017|https://iris.who.int/handle/10665/254506
D15b|Localizada|documento OMS|World Health Organization. Rehabilitation 2030: a call for action. Ginebra: WHO; 2017|https://www.who.int/initiatives/rehabilitation-2030
D15c|Localizada|documento OMS|World Health Organization. Package of interventions for rehabilitation. Ginebra: WHO; 2023|https://cdn.who.int/media/docs/default-source/documents/health-topics/rehabilitation/basic-pir-info-sheet.pdf
D16|Localizada|resolución|Asamblea Mundial de la Salud. Resolución WHA76.6. Strengthening rehabilitation in health systems. Ginebra: Organización Mundial de la Salud; 2023|https://apps.who.int/gb/ebwha/pdf_files/WHA76/A76_R6-en.pdf
D18|Localizada|norma|Helse- og omsorgsdepartementet. Prop. 71 L (2016-2017). Oslo: Gobierno de Noruega; 2017|https://www.regjeringen.no/no/dokumenter/prop.-71-l-20162017/id2546178/?ch=9
D19|Localizada|web oficial|1177 Vårdguiden, Region Stockholm. Rehabilitering i öppenvård [página web]|https://www.1177.se/Stockholm/undersokning-behandling/smartbehandlingar-och-rehabilitering/rehabilitering-i-stockholms-lan2/rehabilitering-i-oppenvard/
D20|Localizada|estadística|Nivel. Jaarcijfers fysiotherapie 2024: aandeel patiënten met een verwijzing daalt. Utrecht: Nivel; 2025|https://www.nivel.nl/nl/nieuws/jaarcijfers-fysiotherapie-2024-aandeel-patienten-met-een-verwijzing-daalt
D21|Localizada|declaración profesional|Australian Physiotherapy Association. Position statement on scope of practice. Melbourne: APA; 2024|https://australian.physio/sites/default/files/APA%20Position-Statement%20on%20Scope%20of%20Practice%20May%202024_FA.pdf
D22|Localizada|declaración profesional|Canadian Physiotherapy Association. Position statement: primary health care. Ottawa: CPA; 2022|https://physiotherapy.ca/app/uploads/2022/08/primary-health-care_en.pdf
G1|Verificada|documento aportado|Colegio Profesional de Fisioterapeutas de la Comunidad de Madrid, Grupo de Trabajo de Especialidades. Pertinencia de la solicitud de radiología simple por los fisioterapeutas de Atención Primaria en el marco de sus competencias. Documento de posición institucional. Madrid: CPFCM; junio de 2026|documento institucional no publicado
G3|Localizada|resolución profesional|Consejo General de Colegios de Fisioterapeutas de España. Resolución 1/2023 sobre el empleo de la ecografía en Fisioterapia. Madrid: CGCFE; 2023|
G5|Localizada|norma|Orden CIN/2135/2008, de 3 de julio, por la que se establecen los requisitos para la verificación de los títulos universitarios oficiales que habiliten para el ejercicio de la profesión de Fisioterapeuta. Boletín Oficial del Estado, BOE-A-2008-12388|https://www.boe.es/buscar/act.php?id=BOE-A-2008-12388
G6|Localizada|norma|Directiva 2013/59/Euratom del Consejo, de 5 de diciembre de 2013, por la que se establecen normas de seguridad básicas para la protección contra los peligros derivados de la exposición a radiaciones ionizantes. Diario Oficial de la Unión Europea, L 13, de 17 de enero de 2014|https://eur-lex.europa.eu/eli/dir/2013/59/oj
G7|Localizada|norma|The Ionising Radiation (Medical Exposure) Regulations 2017. SI 2017/1322. Reino Unido|https://www.legislation.gov.uk/uksi/2017/1322
E1|Verificada|artículo|Bachmann LM, Kolb E, Koller MT, Steurer J, ter Riet G. Accuracy of Ottawa ankle rules to exclude fractures of the ankle and mid-foot: systematic review. BMJ. 2003;326(7386):417. PMID: 12595378. doi:10.1136/bmj.326.7386.417|https://doi.org/10.1136/bmj.326.7386.417
E2|Verificada|artículo|Stiell IG, McKnight RD, Greenberg GH, McDowell I, Nair RC, Wells GA, et al. Implementation of the Ottawa ankle rules. JAMA. 1994;271(11):827-32. PMID: 8114236|https://pubmed.ncbi.nlm.nih.gov/8114236/
E3|Verificada|artículo|Downie A, Williams CM, Henschke N, Hancock MJ, Ostelo RW, de Vet HC, et al. Red flags to screen for malignancy and fracture in patients with low back pain: systematic review. BMJ. 2013;347:f7095. PMID: 24335669. doi:10.1136/bmj.f7095|https://doi.org/10.1136/bmj.f7095
E4|Verificada|artículo|Bishop A, Tooth S, Protheroe J, Salisbury C, Ogollah RO, Jowett S, et al. A pilot cluster randomised controlled trial to investigate the addition of direct access to physiotherapy to usual GP-led primary care for adults with musculoskeletal pain: the STEMS pilot trial protocol (ISRCTN23378642). Pilot Feasibility Stud. 2015;1:26. PMID: 27965805. doi:10.1186/s40814-015-0020-4|https://doi.org/10.1186/s40814-015-0020-4
E5|Verificada|artículo|Bishop A, Ogollah RO, Jowett S, Kigozi J, Tooth S, Protheroe J, et al. STEMS pilot trial: a pilot cluster randomised controlled trial to investigate the addition of patient direct access to physiotherapy to usual GP-led primary care for adults with musculoskeletal pain. BMJ Open. 2017;7(3):e012987. PMID: 28286331. doi:10.1136/bmjopen-2016-012987|https://doi.org/10.1136/bmjopen-2016-012987
E6|Verificada|artículo|Bishop A, Chen Y, Protheroe J, Ogollah RO, Bailey J, Lewis M, et al. Providing patients with direct access to musculoskeletal physiotherapy: the impact on general practice musculoskeletal workload and resource use. The STEMS-2 study. Physiotherapy. 2021;111:48-56. PMID: 32711896. doi:10.1016/j.physio.2020.04.006|https://doi.org/10.1016/j.physio.2020.04.006
E7|Verificada|artículo|Jordan KP, Kadam UT, Hayward R, Porcheret M, Young C, Croft P. Annual consultation prevalence of regional musculoskeletal problems in primary care: an observational study. BMC Musculoskelet Disord. 2010;11:144. PMID: 20598124. doi:10.1186/1471-2474-11-144|https://doi.org/10.1186/1471-2474-11-144
E8|Verificada|artículo|Keavy R, Horton R, Al-Dadah O. The prevalence of musculoskeletal presentations in general practice: an epidemiological study. Fam Pract. 2023;40(1):68-74. PMID: 35747902. doi:10.1093/fampra/cmac055|https://doi.org/10.1093/fampra/cmac055
E9|Verificada|artículo|Babatunde OO, Bishop A, Cottrell E, Jordan JL, Corp N, Humphries K, et al. A systematic review and evidence synthesis of non-medical triage, self-referral and direct access services for patients with musculoskeletal pain. PLoS One. 2020;15(7):e0235364. PMID: 32628696. doi:10.1371/journal.pone.0235364|https://doi.org/10.1371/journal.pone.0235364
E10|Verificada|artículo|Goodwin RW, Hendrick PA. Physiotherapy as a first point of contact in general practice: a solution to a growing problem? Prim Health Care Res Dev. 2016;17(5):489-502. PMID: 27263326. doi:10.1017/S1463423616000189|https://doi.org/10.1017/S1463423616000189
E11|Verificada|artículo|Downie F, McRitchie C, Monteith W, Turner H. Physiotherapist as an alternative to a GP for musculoskeletal conditions: a 2-year service evaluation of UK primary care data. Br J Gen Pract. 2019;69(682):e314-e320. PMID: 30962224. doi:10.3399/bjgp19X702245|https://doi.org/10.3399/bjgp19X702245
E12|Verificada|artículo|Stynes S, Jordan KP, Hill JC, Wynne-Jones G, Cottrell E, Foster NE, et al. Evaluation of the First Contact Physiotherapy (FCP) model of primary care: patient characteristics and outcomes. Physiotherapy. 2021;113:199-208. PMID: 34656297. doi:10.1016/j.physio.2021.08.002|https://doi.org/10.1016/j.physio.2021.08.002
E13|Verificada|artículo|Walsh NE, Halls S, Thomas R, Berry A, Liddiard C, Cupples ME, et al. First contact physiotherapy: an evaluation of clinical effectiveness and costs. Br J Gen Pract. 2024;74(747):e717-e726. PMID: 38429110. doi:10.3399/BJGP.2023.0560|https://doi.org/10.3399/BJGP.2023.0560
E13b|Verificada|artículo|Walsh NE, Berry A, Halls S, Thomas R, Stott H, Liddiard C, et al. Clinical and cost-effectiveness of first contact physiotherapy for musculoskeletal disorders in primary care: the FRONTIER, mixed method realist evaluation. Health Soc Care Deliv Res. 2024;12(49):1-187. PMID: 39707910. doi:10.3310/RTKY7521|https://doi.org/10.3310/RTKY7521
E14|Verificada|artículo|Halls S, Thomas R, Stott H, Cupples ME, Kersten P, Cramp F, et al. Provision of first contact physiotherapy in primary care across the UK: a survey of the service. Physiotherapy. 2020;108:2-9. PMID: 32693238. doi:10.1016/j.physio.2020.04.005|https://doi.org/10.1016/j.physio.2020.04.005
E15|Verificada|artículo|Bradford B, Collier TS, Freeman M, Goodwin R. Primary care reattendance following an FCPP appointment: a national retrospective service evaluation. Musculoskeletal Care. 2025;23(2):e70143. PMID: 40515757. doi:10.1002/msc.70143|https://doi.org/10.1002/msc.70143
E16|Verificada|artículo|Ojha HA, Snyder RS, Davenport TE. Direct access compared with referred physical therapy episodes of care: a systematic review. Phys Ther. 2014;94(1):14-30. PMID: 24029295. doi:10.2522/ptj.20130096|https://doi.org/10.2522/ptj.20130096
E17|Verificada|artículo|Piscitelli D, Furmanek MP, Meroni R, De Caro W, Pellicciari L. Direct access in physical therapy: a systematic review. Clin Ter. 2018;169(5):e249-e260. PMID: 30393813. doi:10.7417/CT.2018.2087|https://doi.org/10.7417/CT.2018.2087
E18|Verificada|artículo|Demont A, Bourmaud A, Kechichian A, Desmeules F. The impact of direct access physiotherapy compared to primary care physician led usual care for patients with musculoskeletal disorders: a systematic review of the literature. Disabil Rehabil. 2021;43(12):1637-1648. PMID: 31603709. doi:10.1080/09638288.2019.1674388|https://doi.org/10.1080/09638288.2019.1674388
E19|Verificada|artículo|Bury TJ, Stokes EK. A global view of direct access and patient self-referral to physical therapy: implications for the profession. Phys Ther. 2013;93(4):449-59. PMID: 23197847. doi:10.2522/ptj.20120060|https://doi.org/10.2522/ptj.20120060
E20|Verificada|artículo|Frogner BK, Harwood K, Andrilla CHA, Schwartz M, Pines JM. Physical therapy as the first point of care to treat low back pain: an instrumental variables approach to estimate impact on opioid prescription, health care utilization, and costs. Health Serv Res. 2018;53(6):4629-4646. PMID: 29790166. doi:10.1111/1475-6773.12984|https://doi.org/10.1111/1475-6773.12984
E21|Verificada|artículo|Vedanayagam M, Buzak M, Reid D, Saywell N. Advanced practice physiotherapists are effective in the management of musculoskeletal disorders: a systematic review of systematic reviews. Physiotherapy. 2021;113:116-130. PMID: 34607076. doi:10.1016/j.physio.2021.08.005|https://doi.org/10.1016/j.physio.2021.08.005
E22|Verificada|artículo|Gallotti M, Campagnola B, Cocchieri A, Mourad F, Heick JD, Maselli F. Effectiveness and consequences of direct access in physiotherapy: a systematic review. J Clin Med. 2023;12(18):5832. PMID: 37762773. doi:10.3390/jcm12185832|https://doi.org/10.3390/jcm12185832
E23|Verificada|artículo|Abuhl B, Ehrmantraut D, Wolden M. First-contact physical therapy compared to usual primary care for musculoskeletal disorders: a systematic review and meta-analysis of randomized controlled trials. Phys Ther. 2025;105(8):pzaf080. PMID: 40511847. doi:10.1093/ptj/pzaf080|https://doi.org/10.1093/ptj/pzaf080
E24|Verificada|artículo|Fischer M, Bui E, Besombes L, François M. Systematic review of direct access physiotherapy for musculoskeletal conditions in primary care: consequences for general practitioner workload, resource use, and organisation of care. BMC Prim Care. 2026;27(1):75. PMID: 41612203. doi:10.1186/s12875-026-03186-9|https://doi.org/10.1186/s12875-026-03186-9
E25|Verificada|artículo|Fischer M, Bui E, Besombes L, Pinsault N, François M. Effect of direct access to physiotherapy on prescribing and imaging in primary care for musculoskeletal disorders: a systematic review and meta-analysis. Fam Pract. 2026;43(4):cmag046. PMID: 42348720. doi:10.1093/fampra/cmag046|https://doi.org/10.1093/fampra/cmag046
E26|Verificada|artículo|Leemrijse CJ, Swinkels IC, Veenhof C. Direct access to physical therapy in the Netherlands: results from the first year in community-based physical therapy. Phys Ther. 2008;88(8):936-46. PMID: 18566108. doi:10.2522/ptj.20070308|https://doi.org/10.2522/ptj.20070308
E27|Verificada|artículo|Swinkels IC, Kooijman MK, Spreeuwenberg PM, Bossen D, Leemrijse CJ, van Dijk CE, et al. An overview of 5 years of patient self-referral for physical therapy in the Netherlands. Phys Ther. 2014;94(12):1785-95. PMID: 25082921. doi:10.2522/ptj.20130309|https://doi.org/10.2522/ptj.20130309
E28|Verificada|artículo|Damen LJ, Meijer WM, Van Tuyl LHD, Knottnerus BJ, De Jong JD. Factors that influence the use of direct access to allied health professionals in the Netherlands. Prim Health Care Res Dev. 2025;26:e80. PMID: 40985866. doi:10.1017/S1463423625100467|https://doi.org/10.1017/S1463423625100467
E29|Verificada|artículo|Bornhöft L, Larsson ME, Nordeman L, Eggertsen R, Thorn J. Health effects of direct triaging to physiotherapists in primary care for patients with musculoskeletal disorders: a pragmatic randomized controlled trial. Ther Adv Musculoskelet Dis. 2019;11:1759720X19827504. PMID: 30800175. doi:10.1177/1759720X19827504|https://doi.org/10.1177/1759720X19827504
E29b|Verificada|artículo|Bornhöft L, Thorn J, Svensson M, Nordeman L, Eggertsen R, Larsson MEH. More cost-effective management of patients with musculoskeletal disorders in primary care after direct triaging to physiotherapists for initial assessment compared to initial general practitioner assessment. BMC Musculoskelet Disord. 2019;20(1):186. PMID: 31043169. doi:10.1186/s12891-019-2553-9|https://doi.org/10.1186/s12891-019-2553-9
E30|Verificada|artículo|Long J. European region of the WCPT statement on physiotherapy in primary care. Prim Health Care Res Dev. 2019;20:e147. PMID: 31679552. doi:10.1017/S1463423619000811|https://doi.org/10.1017/S1463423619000811
E31|Verificada|artículo|Galan-Martin MA, Montero-Cuadrado F, Lluch-Girbes E, Coca-López MC, Mayo-Iscar A, Cuesta-Vargas A. Pain neuroscience education and physical therapeutic exercise for patients with chronic spinal pain in Spanish physiotherapy primary care: a pragmatic randomized controlled trial. J Clin Med. 2020;9(4):1201. PMID: 32331323. doi:10.3390/jcm9041201|https://doi.org/10.3390/jcm9041201
E32|Verificada|artículo|Hernández-Lázaro H, Mingo-Gómez MT, Jiménez-Del-Barrio S, Simarro-Martín A, Wiśniowska-Szurlej A, Ceballos-Laita L. Development of an ICF core set for the management of musculoskeletal conditions in primary care physiotherapy services in Spain: a Delphi study. Disabil Rehabil. 2025;47(18):4759-4768. PMID: 39931756. doi:10.1080/09638288.2025.2460723|https://doi.org/10.1080/09638288.2025.2460723
E32b|Verificada|artículo|Hernández-Lázaro H, Jiménez-Del Barrio S, Ceballos-Laita L, Lahuerta-Martin S, Medrano-de-la-Fuente R, Hernando-Garijo I, et al. Multicentre cross-sectional study assessing content validity of the International Classification of Functioning, Disability and Health core set for post-acute musculoskeletal conditions in primary care physiotherapy services. J Rehabil Med. 2023;55:jrm11950. PMID: 37974517. doi:10.2340/jrm.v55.11950|https://doi.org/10.2340/jrm.v55.11950
E37|Verificada|artículo|Sherrington C, Fairhall NJ, Wallbank GK, Tiedemann A, Michaleff ZA, Howard K, et al. Exercise for preventing falls in older people living in the community. Cochrane Database Syst Rev. 2019;1(1):CD012424. PMID: 30703272. doi:10.1002/14651858.CD012424.pub2|https://doi.org/10.1002/14651858.CD012424.pub2
E38|Verificada|artículo|Fransen M, McConnell S, Harmer AR, Van der Esch M, Simic M, Bennell KL. Exercise for osteoarthritis of the knee. Cochrane Database Syst Rev. 2015;1(1):CD004376. PMID: 25569281. doi:10.1002/14651858.CD004376.pub3|https://doi.org/10.1002/14651858.CD004376.pub3
E39|Verificada|artículo|McCarthy B, Casey D, Devane D, Murphy K, Murphy E, Lacasse Y. Pulmonary rehabilitation for chronic obstructive pulmonary disease. Cochrane Database Syst Rev. 2015;2015(2):CD003793. PMID: 25705944. doi:10.1002/14651858.CD003793.pub3|https://doi.org/10.1002/14651858.CD003793.pub3
E40|Verificada|artículo|Hayden JA, Ellis J, Ogilvie R, Malmivaara A, van Tulder MW. Exercise therapy for chronic low back pain. Cochrane Database Syst Rev. 2021;9(9):CD009790. PMID: 34580864. doi:10.1002/14651858.CD009790.pub2|https://doi.org/10.1002/14651858.CD009790.pub2
E41|Verificada|artículo|Hill JC, Whitehurst DG, Lewis M, Bryan S, Dunn KM, Foster NE, et al. Comparison of stratified primary care management for low back pain with current best practice (STarT Back): a randomised controlled trial. Lancet. 2011;378(9802):1560-71. PMID: 21963002. doi:10.1016/S0140-6736(11)60937-9|https://doi.org/10.1016/S0140-6736(11)60937-9
E42|Verificada|artículo|Gusi N, del Pozo-Cruz B, Olivares PR, Hernández-Mocholi M, Hill JC. The Spanish version of the "STarT Back Screening Tool" (SBST) in different subgroups. Aten Primaria. 2011;43(7):356-61. PMID: 21296465. doi:10.1016/j.aprim.2010.05.019|https://doi.org/10.1016/j.aprim.2010.05.019
E43|Verificada|artículo|O'Caoimh R, Galluzzo L, Rodríguez-Laso Á, Van der Heyden J, Ranhoff AH, Lamprini-Koula M, et al. Prevalence of frailty at population level in European ADVANTAGE Joint Action Member States: a systematic review and meta-analysis. Ann Ist Super Sanita. 2018;54(3):226-238. PMID: 30284550. doi:10.4415/ANN_18_03_10|https://doi.org/10.4415/ANN_18_03_10
E44|Verificada|artículo|Wood L, Bishop A, Goodwin R, Stynes S. Patient satisfaction with the first contact physiotherapy service: results from the national evaluation survey. Musculoskeletal Care. 2022;20(2):363-370. PMID: 34709711. doi:10.1002/msc.1599|https://doi.org/10.1002/msc.1599
E45|Verificada|artículo|Goodwin R, Moffatt F, Hendrick P, Stynes S, Bishop A, Logan P. Evaluation of the First Contact Physiotherapy (FCP) model of primary care: a qualitative insight. Physiotherapy. 2021;113:209-216. PMID: 34583834. doi:10.1016/j.physio.2021.08.003|https://doi.org/10.1016/j.physio.2021.08.003
B7|Localizada|artículo|Aiguadé Aiguadé R. La hora de la Atención Primaria [editorial]. Fisioterapia. 2022;44(4):199-200. doi:10.1016/j.ft.2022.03.002|https://doi.org/10.1016/j.ft.2022.03.002
B8|Localizada|artículo|Regal-Ramos R. Epidemiología de la incapacidad laboral por patología osteomuscular en España: 60.000 trabajadores valorados por el Instituto Nacional de la Seguridad Social en 2019. Med Segur Trab (Internet). 2022;68(269):209-220. doi:10.4321/s0465-546x2022000400003|https://doi.org/10.4321/s0465-546x2022000400003
G0|Verificada|documento aportado|Moreno Carrero P, Ferrer Peña R, revisores. Propuesta de Fisioterapia en Atención Primaria para el Ministerio de Sanidad [borrador de trabajo con comentarios de revisión]. Septiembre de 2026|documento aportado por la autoría
G8|Verificada|documento aportado|Gerencia Asistencial de Atención Primaria, Servicio Madrileño de Salud. Atención a la demanda. Atención a procesos de demanda en las consultas de las Unidades de Atención Específica de Atención Primaria. Versión 8. Madrid: Servicio Madrileño de Salud; julio de 2024|documento interno del Servicio Madrileño de Salud
G9|Verificada|documento aportado|Pérez Mariño P, Bilbao Ogando G, Fraiz Barbeito M, López Míguens V, Paseiro Ares G, Díez Meleiro Ó, et al. Análisis de la efectividad clínica e impacto económico de una gestión racional de los recursos de fisioterapia en patología de alta prevalencia en Atención Primaria. [s. l.]: Sociedade Galega de Fisioterapeutas; febrero de 2019|informe profesional no publicado en revista
G10|Verificada|documento aportado|Situación actual de la fisioterapia en Atención Primaria de la Comunidad de Madrid [documento de trabajo sin autoría ni fecha, posterior a diciembre de 2024]. Madrid|documento de trabajo no publicado
E46|Verificada|artículo|Kääriä S, Luukkonen R, Riihimäki H, Kirjonen J, Leino-Arjas P. Persistence of low back pain reporting among a cohort of employees in a metal corporation: a study with 5-, 10-, and 28-year follow-ups. Pain. 2006;120(1-2):131-7. PMID: 16360271. doi:10.1016/j.pain.2005.10.020|https://doi.org/10.1016/j.pain.2005.10.020
E47|Verificada|artículo|Hoy D, Bain C, Williams G, March L, Brooks P, Blyth F, et al. A systematic review of the global prevalence of low back pain. Arthritis Rheum. 2012;64(6):2028-37. PMID: 22231424. doi:10.1002/art.34347|https://doi.org/10.1002/art.34347
E48|Verificada|artículo|Hartvigsen J, Hancock MJ, Kongsted A, Louw Q, Ferreira ML, Genevay S, et al. What low back pain is and why we need to pay attention. Lancet. 2018;391(10137):2356-67. PMID: 29573870. doi:10.1016/S0140-6736(18)30480-X|https://doi.org/10.1016/S0140-6736(18)30480-X
E49|Verificada|artículo|Foster NE, Anema JR, Cherkin D, Chou R, Cohen SP, Gross DP, et al. Prevention and treatment of low back pain: evidence, challenges, and promising directions. Lancet. 2018;391(10137):2368-83. PMID: 29573872. doi:10.1016/S0140-6736(18)30489-6|https://doi.org/10.1016/S0140-6736(18)30489-6
E50|Verificada|artículo|Lambeek LC, van Tulder MW, Swinkels IC, Koppes LL, Anema JR, van Mechelen W. The trend in total cost of back pain in The Netherlands in the period 2002 to 2007. Spine (Phila Pa 1976). 2011;36(13):1050-8. PMID: 21150697. doi:10.1097/BRS.0b013e3181e70488|https://doi.org/10.1097/BRS.0b013e3181e70488
E51|Verificada|artículo|Anema JR, Schellart AJ, Cassidy JD, Loisel P, Veerman TJ, van der Beek AJ. Can cross country differences in return-to-work after chronic occupational back pain be explained? An exploratory analysis on disability policies in a six country cohort study. J Occup Rehabil. 2009;19(4):419-26. PMID: 19760488. doi:10.1007/s10926-009-9202-3|https://doi.org/10.1007/s10926-009-9202-3
E52|Verificada|artículo|Lin CW, Haas M, Maher CG, Machado LA, van Tulder MW. Cost-effectiveness of general practice care for low back pain: a systematic review. Eur Spine J. 2011;20(7):1012-23. PMID: 21203890. doi:10.1007/s00586-010-1675-4|https://doi.org/10.1007/s00586-010-1675-4
E53|Verificada|artículo|Lin CW, Haas M, Maher CG, Machado LA, van Tulder MW. Cost-effectiveness of guideline-endorsed treatments for low back pain: a systematic review. Eur Spine J. 2011;20(7):1024-38. PMID: 21229367. doi:10.1007/s00586-010-1676-3|https://doi.org/10.1007/s00586-010-1676-3
E54|Verificada|artículo|Cohen SP. Epidemiology, diagnosis, and treatment of neck pain. Mayo Clin Proc. 2015;90(2):284-99. PMID: 25659245. doi:10.1016/j.mayocp.2014.09.008|https://doi.org/10.1016/j.mayocp.2014.09.008
E55|Verificada|artículo|Korthals-de Bos IB, Hoving JL, van Tulder MW, Rutten-van Mölken MP, Adèr HJ, de Vet HC, et al. Cost effectiveness of physiotherapy, manual therapy, and general practitioner care for neck pain: economic evaluation alongside a randomised controlled trial. BMJ. 2003;326(7395):911. PMID: 12714472. doi:10.1136/bmj.326.7395.911|https://doi.org/10.1136/bmj.326.7395.911
E56|Verificada|artículo|Leininger B, McDonough C, Evans R, Tosteson T, Tosteson AN, Bronfort G. Cost-effectiveness of spinal manipulative therapy, supervised exercise, and home exercise for older adults with chronic neck pain. Spine J. 2016;16(11):1292-304. PMID: 27345747. doi:10.1016/j.spinee.2016.06.014|https://doi.org/10.1016/j.spinee.2016.06.014
E57|Verificada|artículo|Driessen MT, Lin CW, van Tulder MW. Cost-effectiveness of conservative treatments for neck pain: a systematic review on economic evaluations. Eur Spine J. 2012;21(8):1441-50. PMID: 22447407. doi:10.1007/s00586-012-2272-5|https://doi.org/10.1007/s00586-012-2272-5
E58|Verificada|artículo|Blanpied PR, Gross AR, Elliott JM, Devaney LL, Clewley D, Walton DM, et al. Neck pain: revision 2017. J Orthop Sports Phys Ther. 2017;47(7):A1-A83. PMID: 28666405. doi:10.2519/jospt.2017.0302|https://doi.org/10.2519/jospt.2017.0302
E59|Verificada|artículo|Côté P, Wong JJ, Sutton D, Shearer HM, Mior S, Randhawa K, et al. Management of neck pain and associated disorders: a clinical practice guideline from the Ontario Protocol for Traffic Injury Management (OPTIMa) Collaboration. Eur Spine J. 2016;25(7):2000-22. PMID: 26984876. doi:10.1007/s00586-016-4467-7|https://doi.org/10.1007/s00586-016-4467-7
E60|Verificada|artículo|Breivik H, Collett B, Ventafridda V, Cohen R, Gallacher D. Survey of chronic pain in Europe: prevalence, impact on daily life, and treatment. Eur J Pain. 2006;10(4):287-333. PMID: 16095934. doi:10.1016/j.ejpain.2005.06.009|https://doi.org/10.1016/j.ejpain.2005.06.009
E61|Verificada|artículo|Salathé CR, Melloh M, Crawford R, Scherrer S, Boos N, Elfering A. Treatment efficacy, clinical utility, and cost-effectiveness of multidisciplinary biopsychosocial rehabilitation treatments for persistent low back pain: a systematic review. Global Spine J. 2018;8(8):872-86. PMID: 30560041. doi:10.1177/2192568218765483|https://doi.org/10.1177/2192568218765483
E62|Verificada|artículo|Busch H, Bodin L, Bergström G, Jensen IB. Patterns of sickness absence a decade after pain-related multidisciplinary rehabilitation. Pain. 2011;152(8):1727-33. PMID: 21507573. doi:10.1016/j.pain.2011.02.004|https://doi.org/10.1016/j.pain.2011.02.004
E63|Verificada|artículo|Busch H, Björk Brämberg E, Hagberg J, Bodin L, Jensen I. The effects of multimodal rehabilitation on pain-related sickness absence: an observational study. Disabil Rehabil. 2018;40(14):1646-53. PMID: 28345360. doi:10.1080/09638288.2017.1305456|https://doi.org/10.1080/09638288.2017.1305456
E64|Verificada|artículo|Steuri R, Sattelmayer M, Elsig S, Kolly C, Tal A, Taeymans J, et al. Effectiveness of conservative interventions including exercise, manual therapy and medical management in adults with shoulder impingement: a systematic review and meta-analysis of RCTs. Br J Sports Med. 2017;51(18):1340-7. PMID: 28630217. doi:10.1136/bjsports-2016-096515|https://doi.org/10.1136/bjsports-2016-096515
E65|Verificada|artículo|Haahr JP, Østergaard S, Dalsgaard J, Norup K, Frost P, Lausen S, et al. Exercises versus arthroscopic decompression in patients with subacromial impingement: a randomised, controlled study in 90 cases with a one year follow up. Ann Rheum Dis. 2005;64(5):760-4. PMID: 15834056. doi:10.1136/ard.2004.021188|https://doi.org/10.1136/ard.2004.021188
E66|Verificada|artículo|Ketola S, Lehtinen J, Rousi T, Nissinen M, Huhtala H, Konttinen YT, et al. No evidence of long-term benefits of arthroscopic acromioplasty in the treatment of shoulder impingement syndrome: five-year results of a randomised controlled trial. Bone Joint Res. 2013;2(7):132-9. PMID: 23836479. doi:10.1302/2046-3758.27.2000163|https://doi.org/10.1302/2046-3758.27.2000163
E67|Verificada|artículo|Ketola S, Lehtinen JT, Arnala I. Arthroscopic decompression not recommended in the treatment of rotator cuff tendinopathy: a final review of a randomised controlled trial at a minimum follow-up of ten years. Bone Joint J. 2017;99-B(6):799-805. PMID: 28566400. doi:10.1302/0301-620X.99B6.BJJ-2016-0569.R1|https://doi.org/10.1302/0301-620X.99B6.BJJ-2016-0569.R1
E68|Verificada|artículo|Kolk A, Thomassen BJW, Hund H, de Witte PB, Henkus HE, Wassenaar WG, et al. Does acromioplasty result in favorable clinical and radiologic outcomes in the management of chronic subacromial pain syndrome? A double-blinded randomized clinical trial with 9 to 14 years' follow-up. J Shoulder Elbow Surg. 2017;26(8):1407-15. PMID: 28495574. doi:10.1016/j.jse.2017.03.021|https://doi.org/10.1016/j.jse.2017.03.021
E69|Verificada|artículo|Kukkonen J, Joukainen A, Lehtinen J, Mattila KT, Tuominen EK, Kauko T, et al. Treatment of non-traumatic rotator cuff tears: a randomised controlled trial with one-year clinical results. Bone Joint J. 2014;96-B(1):75-81. PMID: 24395315. doi:10.1302/0301-620X.96B1.32168|https://doi.org/10.1302/0301-620X.96B1.32168
E70|Verificada|artículo|Kuhn JE, Dunn WR, Sanders R, An Q, Baumgarten KM, Bishop JY, et al. Effectiveness of physical therapy in treating atraumatic full-thickness rotator cuff tears: a multicenter prospective cohort study. J Shoulder Elbow Surg. 2013;22(10):1371-9. PMID: 23540577. doi:10.1016/j.jse.2013.01.026|https://doi.org/10.1016/j.jse.2013.01.026
E71|Verificada|artículo|Kang JR, Sin AT, Cheung EV. Treatment of massive irreparable rotator cuff tears: a cost-effectiveness analysis. Orthopedics. 2017;40(1):e65-e76. PMID: 27684078. doi:10.3928/01477447-20160926-06|https://doi.org/10.3928/01477447-20160926-06
E72|Verificada|artículo|Garving C, Jakob S, Bauer I, Nadjar R, Brunner UH. Impingement syndrome of the shoulder. Dtsch Arztebl Int. 2017;114(45):765-76. PMID: 29202926. doi:10.3238/arztebl.2017.0765|https://doi.org/10.3238/arztebl.2017.0765
E73|Verificada|artículo|Vuurberg G, Hoorntje A, Wink LM, van der Doelen BFW, van den Bekerom MP, Dekker R, et al. Diagnosis, treatment and prevention of ankle sprains: update of an evidence-based clinical guideline. Br J Sports Med. 2018;52(15):956. PMID: 29514819. doi:10.1136/bjsports-2017-098106|https://doi.org/10.1136/bjsports-2017-098106
E74|Verificada|artículo|Bisset L, Beller E, Jull G, Brooks P, Darnell R, Vicenzino B. Mobilisation with movement and exercise, corticosteroid injection, or wait and see for tennis elbow: randomised trial. BMJ. 2006;333(7575):939. PMID: 17012266. doi:10.1136/bmj.38961.584653.AE|https://doi.org/10.1136/bmj.38961.584653.AE
E75|Verificada|artículo|Murphy MC, Travers MJ, Chivers P, Debenham JR, Docking SI, Rio EK, et al. Efficacy of heavy eccentric calf training for treating mid-portion Achilles tendinopathy: a systematic review and meta-analysis. Br J Sports Med. 2019;53(17):1070-7. PMID: 30636702. doi:10.1136/bjsports-2018-099934|https://doi.org/10.1136/bjsports-2018-099934
E76|Verificada|artículo|Barratt PA, Brookes N, Newson A. Conservative treatments for greater trochanteric pain syndrome: a systematic review. Br J Sports Med. 2017;51(2):97-104. PMID: 27834675. doi:10.1136/bjsports-2015-095858|https://doi.org/10.1136/bjsports-2015-095858
E77|Verificada|artículo|Louw A, Zimney K, Puentedura EJ, Diener I. The efficacy of pain neuroscience education on musculoskeletal pain: a systematic review of the literature. Physiother Theory Pract. 2016;32(5):332-55. PMID: 27351541. doi:10.1080/09593985.2016.1194646|https://doi.org/10.1080/09593985.2016.1194646
E78|Verificada|artículo|Geneen LJ, Martin DJ, Adams N, Clarke C, Dunbar M, Jones D, et al. Effects of education to facilitate knowledge about chronic pain for adults: a systematic review with meta-analysis. Syst Rev. 2015;4:132. PMID: 26428467. doi:10.1186/s13643-015-0120-5|https://doi.org/10.1186/s13643-015-0120-5
E79|Verificada|artículo|Castell MV, Gutiérrez-Misis A, Sánchez-Martínez M, Prieto MA, Moreno B, Nuñez S, et al. Effectiveness of an intervention in multicomponent exercise in primary care to improve frailty parameters in patients over 70 years of age (MEFAP-project), a randomised clinical trial: rationale and study design. BMC Geriatr. 2019;19(1):25. PMID: 30691405. doi:10.1186/s12877-018-1024-8|https://doi.org/10.1186/s12877-018-1024-8
E80|Verificada|artículo|Serra-Prat M, Sist X, Domenich R, Jurado L, Saiz A, Roces A, et al. Effectiveness of an intervention to prevent frailty in pre-frail community-dwelling older people consulting in primary care: a randomised controlled trial. Age Ageing. 2017;46(3):401-7. PMID: 28064172. doi:10.1093/ageing/afw242|https://doi.org/10.1093/ageing/afw242
E81|Verificada|artículo|Romera-Liebana L, Orfila F, Segura JM, Real J, Fabra ML, Möller M, et al. Effects of a primary care-based multifactorial intervention on physical and cognitive function in frail, elderly individuals: a randomized controlled trial. J Gerontol A Biol Sci Med Sci. 2018;73(12):1688-74 [paginación tal como figura en PubMed]. PMID: 29346524. doi:10.1093/gerona/glx259|https://doi.org/10.1093/gerona/glx259
E82|Verificada|artículo|Gallego-Izquierdo T, Ruiz-Vindel J, Ferragut-Garcías A, Martínez-Merinero P, Montañez-Aguilera FJ, Noriega-Matanza C, et al. Adaptation and transcultural translation into Spanish of the Patient-Rated Tennis Elbow Evaluation Questionnaire. J Orthop Res. 2020;38(12):2601-7. PMID: 32761913. doi:10.1002/jor.24820|https://doi.org/10.1002/jor.24820
E83|Verificada|artículo|Karjalainen TV, Jain NB, Page CM, Lähdeoja TA, Johnston RV, Salamh P, et al. Subacromial decompression surgery for rotator cuff disease. Cochrane Database Syst Rev. 2019;1(1):CD005619. PMID: 30707445. doi:10.1002/14651858.CD005619.pub3|https://doi.org/10.1002/14651858.CD005619.pub3
E84|Verificada|artículo|Paavola M, Kanto K, Ranstam J, Malmivaara A, Inkinen J, Kalske J, et al. Subacromial decompression versus diagnostic arthroscopy for shoulder impingement: a 5-year follow-up of a randomised, placebo surgery controlled clinical trial. Br J Sports Med. 2021;55(2):99-107. PMID: 33020137. doi:10.1136/bjsports-2020-102216|https://doi.org/10.1136/bjsports-2020-102216
E85|Verificada|artículo|Kanto K, Bäck M, Ibounig T, Björkenheim R, Malmivaara A, Czuba T, et al. Arthroscopic subacromial decompression versus placebo surgery for subacromial pain syndrome: 10 year follow-up of the FIMPACT randomised, placebo surgery controlled trial. BMJ. 2025;391:e086201. PMID: 41330610. doi:10.1136/bmj-2025-086201|https://doi.org/10.1136/bmj-2025-086201
E86|Verificada|artículo|Beard DJ, Rees JL, Cook JA, Rombach I, Cooper C, Merritt N, et al. Arthroscopic subacromial decompression for subacromial shoulder pain (CSAW): a multicentre, pragmatic, parallel group, placebo-controlled, three-group, randomised surgical trial. Lancet. 2018;391(10118):329-38. PMID: 29169668. doi:10.1016/S0140-6736(17)32457-1|https://doi.org/10.1016/S0140-6736(17)32457-1
E87|Verificada|artículo|Robert G, Stevens A. Should general practitioners refer patients directly to physical therapists? Br J Gen Pract. 1997;47(418):314-8. PMID: 9219412|https://pubmed.ncbi.nlm.nih.gov/9219412/
E88|Verificada|artículo|Hensher M. Improving general practitioner access to physiotherapy: a review of the economic evidence. Health Serv Manage Res. 1997;10(4):225-30. PMID: 10174512. doi:10.1177/095148489701000403|https://doi.org/10.1177/095148489701000403
E89|Verificada|artículo|Wand BM, Bird C, McAuley JH, Doré CJ, MacDowell M, De Souza LH. Early intervention for the management of acute low back pain: a single-blind randomized controlled trial of biopsychosocial education, manual therapy, and exercise. Spine (Phila Pa 1976). 2004;29(21):2350-6. PMID: 15507794. doi:10.1097/01.brs.0000143619.34308.b4|https://doi.org/10.1097/01.brs.0000143619.34308.b4
E90|Verificada|artículo|Fritz JM, Childs JD, Wainner RS, Flynn TW. Primary care referral of patients with low back pain to physical therapy: impact on future health care utilization and costs. Spine (Phila Pa 1976). 2012;37(25):2114-21. PMID: 22614792. doi:10.1097/BRS.0b013e31825d32f5|https://doi.org/10.1097/BRS.0b013e31825d32f5
E91|Verificada|artículo|Nordeman L, Nilsson B, Möller M, Gunnarsson R. Early access to physical therapy treatment for subacute low back pain in primary health care: a prospective randomized clinical trial. Clin J Pain. 2006;22(6):505-11. PMID: 16788335. doi:10.1097/01.ajp.0000210696.46250.0d|https://doi.org/10.1097/01.ajp.0000210696.46250.0d
E92|Verificada|artículo|Zigenfus GC, Yin J, Giang GM, Fogarty WT. Effectiveness of early physical therapy in the treatment of acute low back musculoskeletal disorders. J Occup Environ Med. 2000;42(1):35-9. PMID: 10652686. doi:10.1097/00043764-200001000-00010|https://doi.org/10.1097/00043764-200001000-00010
E93|Verificada|artículo|Oakley C, Shacklady C. The clinical effectiveness of the extended-scope physiotherapist role in musculoskeletal triage: a systematic review. Musculoskeletal Care. 2015;13(4):204-21. PMID: 25758358. doi:10.1002/msc.1100|https://doi.org/10.1002/msc.1100
E94|Verificada|artículo|Candy E, Haworth-Booth S, Knight-Davis M. Review of the effectiveness of a consultant physiotherapy-led musculoskeletal interface team: a Welsh experience. Musculoskeletal Care. 2016;14(3):185-91. PMID: 27605463. doi:10.1002/msc.1122|https://doi.org/10.1002/msc.1122
E95|Verificada|artículo|Napier C, McCormack RG, Hunt MA, Brooks-Hill A. A physiotherapy triage service for orthopaedic surgery: an effective strategy for reducing wait times. Physiother Can. 2013;65(4):358-63. PMID: 24396164. doi:10.3138/ptc.2012-53|https://doi.org/10.3138/ptc.2012-53
E96|Verificada|artículo|Wood L, Hendrick P, Boszczyk B, Dunstan E. A review of the surgical conversion rate and independent management of spinal extended scope practitioners in a secondary care setting. Ann R Coll Surg Engl. 2016;98(3):187-91. PMID: 26741663. doi:10.1308/rcsann.2016.0054|https://doi.org/10.1308/rcsann.2016.0054
E97|Verificada|artículo|Bath B, Grona SL, Janzen B. A spinal triage programme delivered by physiotherapists in collaboration with orthopaedic surgeons. Physiother Can. 2012;64(4):356-66. PMID: 23997390. doi:10.3138/ptc.2011-29|https://doi.org/10.3138/ptc.2011-29
E98|Verificada|artículo|Snow BL, Shamus E, Hill C. Physical therapy as primary health care: public perceptions. J Allied Health. 2001;30(1):35-8. PMID: 11265271|https://pubmed.ncbi.nlm.nih.gov/11265271/
E99|Verificada|artículo|Ojha H, Masaracchio M, Johnston M, Howard RJ, Egan WE, Kirker K, et al. Minimal physical therapy utilization compared with higher physical therapy utilization for patients with low back pain: a systematic review. Physiother Theory Pract. 2020;36(11):1179-200. PMID: 30739564. doi:10.1080/09593985.2019.1571135|https://doi.org/10.1080/09593985.2019.1571135
E100|Verificada|artículo|Miller J, Barber D, Donnelly C, French S, Green M, Hill J, et al. Determining the impact of a new physiotherapist-led primary care model for back pain: protocol for a pilot cluster randomized controlled trial. Trials. 2017;18(1):526. PMID: 29121989. doi:10.1186/s13063-017-2279-7|https://doi.org/10.1186/s13063-017-2279-7
E101|Verificada|artículo|Antúnez Sánchez LG, de la Casa Almeida M, Rebollo Roldán J, Ramírez Manzano A, Martín Valero R, Suárez Serrano C. [Effectiveness of an individualised physiotherapy program versus group therapy on neck pain and disability in patients with acute and subacute mechanical neck pain]. Aten Primaria. 2017;49(7):417-25. Español. PMID: 28089225. doi:10.1016/j.aprim.2016.09.010|https://doi.org/10.1016/j.aprim.2016.09.010
E102|Verificada|artículo|Díaz-Cerrillo JL, Rondón-Ramos A, Pérez-González R, Clavero-Cano S. [Non-randomised trial of an educational intervention based on cognitive-behavioural principles for patients with chronic low back pain attended in Primary Care Physiotherapy]. Aten Primaria. 2016;48(7):440-8. Español. PMID: 26724987. doi:10.1016/j.aprim.2015.10.007|https://doi.org/10.1016/j.aprim.2015.10.007
E103|Verificada|artículo|da Casa C, Suárez ÁV, Asensio N, Blanco JF. Quality assessment of orthopedic surgery referral request letters from primary care consultation: evaluation of a Spanish healthcare area. J Family Community Med. 2021;28(3):189-95. PMID: 34703379. doi:10.4103/jfcm.jfcm_133_21|https://doi.org/10.4103/jfcm.jfcm_133_21
E104|Verificada|artículo|Cuenca-Zaldívar JN, Fernández-Carnero J, Sánchez-Romero EA, Álvarez-Gonzalo V, Conde-Rodríguez R, Rodríguez-Sanz D, et al. Effects of a therapeutic exercise protocol for patients with chronic non-specific back pain in primary health care: a single-group retrospective cohort study. J Clin Med. 2023;12(20):6478. PMID: 37892618. doi:10.3390/jcm12206478|https://doi.org/10.3390/jcm12206478
E105|Verificada|artículo|Lafrance S, Vincent R, Demont A, Charron M, Desmeules F. Advanced practice physiotherapists can diagnose and triage patients with musculoskeletal disorders while providing effective care: a systematic review. J Physiother. 2023;69(4):220-31. PMID: 37714771. doi:10.1016/j.jphys.2023.08.005|https://doi.org/10.1016/j.jphys.2023.08.005
E106|Verificada|artículo|Samsson KS, Grimmer K, Larsson MEH, Morris J, Bernhardsson S. Effects on health and process outcomes of physiotherapist-led orthopaedic triage for patients with musculoskeletal disorders: a systematic review of comparative studies. BMC Musculoskelet Disord. 2020;21(1):673. PMID: 33038935. doi:10.1186/s12891-020-03673-9|https://doi.org/10.1186/s12891-020-03673-9
E107|Verificada|artículo|Trøstrup J, Juhl CB, Mikkelsen LR. Effect of extended scope physiotherapists assessments in orthopaedic diagnostic setting: a systematic review. Physiotherapy. 2020;108:120-8. PMID: 32807362. doi:10.1016/j.physio.2017.08.004|https://doi.org/10.1016/j.physio.2017.08.004
E108|Verificada|artículo|Morrissey D, Cotchett M, Said J'Bari A, Prior T, Griffiths IB, Rathleff MS, et al. Management of plantar heel pain: a best practice guide informed by a systematic review, expert clinical reasoning and patient values. Br J Sports Med. 2021;55(19):1106-18. PMID: 33785535. doi:10.1136/bjsports-2019-101970|https://doi.org/10.1136/bjsports-2019-101970
E109|Verificada|artículo|Koc TA, Bise CG, Neville C, Carreira D, Martin RL, McDonough CM. Heel pain - plantar fasciitis: revision 2023. J Orthop Sports Phys Ther. 2023;53(12):CPG1-CPG39. PMID: 38037331. doi:10.2519/jospt.2023.0303|https://doi.org/10.2519/jospt.2023.0303
G11|Verificada|informe profesional|PricewaterhouseCoopers Asesores de Negocios. Impacto económico, sanitario y social de la actividad de fisioterapia en la Comunidad de Madrid. [Madrid]: Colegio Profesional de Fisioterapeutas de la Comunidad de Madrid; septiembre de 2022|informe encargado por el Colegio Profesional de Fisioterapeutas de la Comunidad de Madrid
